symbol,con_id,date,open,high,low,close,volume,average,barCount
SPY,756733,2025-10-01,663.16,669.37,663.06,668.45,47270220.0,666.807,296193.0
SPY,756733,2025-10-02,670.47,670.57,666.78,669.22,38327705.0,668.834,248799.0
SPY,756733,2025-10-03,669.99,672.68,668.16,669.21,48627685.0,670.49,325672.0
SPY,756733,2025-10-06,671.63,672.51,669.45,671.61,37168694.0,671.31,265405.0
SPY,756733,2025-10-07,672.55,672.99,667.67,669.12,52362288.0,669.612,356998.0
SPY,756733,2025-10-08,670.26,673.21,669.42,673.11,41191443.0,672.067,273064.0
SPY,756733,2025-10-09,673.52,673.94,669.21,671.16,46510389.0,671.02,303734.0
SPY,756733,2025-10-10,672.14,673.95,652.84,653.02,108781231.0,662.28,680979.0
SPY,756733,2025-10-13,660.65,665.13,659.76,663.04,53226773.0,662.333,362893.0
SPY,756733,2025-10-14,657.18,665.83,653.17,662.23,58229654.0,661.038,391425.0
SPY,756733,2025-10-15,666.82,670.23,658.93,665.17,51716289.0,665.246,319411.0
SPY,756733,2025-10-16,666.82,668.71,657.11,660.64,69994291.0,662.683,459840.0
SPY,756733,2025-10-17,659.52,665.76,658.14,664.39,52537214.0,662.082,340856.0
SPY,756733,2025-10-20,667.3,672.21,667.27,671.3,35675591.0,670.705,233639.0
SPY,756733,2025-10-21,671.46,672.99,669.98,671.29,36535205.0,671.762,249811.0
SPY,756733,2025-10-22,671.98,672.01,663.3,667.8,54001597.0,667.584,343527.0
SPY,756733,2025-10-23,668.09,672.72,667.8,671.76,39416478.0,670.855,254700.0
SPY,756733,2025-10-24,676.46,678.47,675.65,677.25,39791552.0,677.541,251253.0
SPY,756733,2025-10-27,682.73,685.54,682.11,685.24,40740010.0,683.81,260632.0
SPY,756733,2025-10-28,687.07,688.91,684.83,687.06,38338700.0,686.898,246559.0
SPY,756733,2025-10-29,688.72,689.7,682.87,687.39,54174734.0,687.168,349975.0
SPY,756733,2025-10-30,683.9,685.94,679.83,679.83,45830933.0,683.002,298282.0
SPY,756733,2025-10-31,685.04,685.08,679.24,682.06,50658185.0,682.678,316986.0
SPY,756733,2025-11-03,685.66,685.8,679.94,683.34,40745310.0,682.922,406475.0
SPY,756733,2025-11-04,676.11,679.96,674.58,675.24,55056677.0,676.55,551372.0
SPY,756733,2025-11-05,674.98,680.86,674.17,677.58,50279981.0,678.439,461230.0
SPY,756733,2025-11-06,676.47,677.38,668.72,670.31,63995727.0,672.021,605369.0
SPY,756733,2025-11-07,667.91,671.08,661.2,670.97,77825379.0,666.037,716263.0
SPY,756733,2025-11-10,677.24,682.18,675.03,681.44,55985746.0,679.143,541365.0
SPY,756733,2025-11-11,679.94,683.57,678.73,683.0,41836057.0,681.528,400059.0
SPY,756733,2025-11-12,684.81,684.96,680.94,683.38,45339346.0,683.11,440379.0
SPY,756733,2025-11-13,680.51,680.86,670.52,672.04,72681503.0,674.573,736206.0
SPY,756733,2025-11-14,665.4,675.66,663.26,671.93,72013314.0,671.312,727659.0
SPY,756733,2025-11-17,669.7,673.71,662.17,665.67,68985857.0,667.784,722009.0
SPY,756733,2025-11-18,662.09,665.12,655.86,660.08,89196241.0,661.14,935945.0
SPY,756733,2025-11-19,660.78,667.34,658.74,662.63,70883022.0,662.619,737812.0
SPY,756733,2025-11-20,672.91,675.56,651.89,652.53,125931678.0,661.853,1344598.0
SPY,756733,2025-11-21,655.03,664.55,650.85,659.03,85226739.0,657.946,815797.0
SPY,756733,2025-11-24,662.69,670.06,661.59,668.73,54377101.0,667.45,489129.0
SPY,756733,2025-11-25,668.63,676.21,664.48,675.02,61578110.0,671.589,543548.0
SPY,756733,2025-11-26,677.6,681.7,676.72,679.68,51409678.0,680.102,451223.0
SPY,756733,2025-11-28,680.85,683.67,680.5,683.39,29457765.0,682.268,257711.0
SPY,756733,2025-12-01,678.8,682.99,678.74,680.27,43413514.0,680.73,349294.0
SPY,756733,2025-12-02,681.92,683.82,679.32,681.53,46744365.0,681.848,403892.0
SPY,756733,2025-12-03,680.57,684.91,679.69,683.89,41469111.0,683.023,364905.0
SPY,756733,2025-12-04,685.3,685.37,681.34,684.39,44867945.0,683.555,423133.0
SPY,756733,2025-12-05,685.45,688.39,684.58,685.69,46497834.0,686.221,422138.0
SPY,756733,2025-12-08,686.6,686.64,681.57,683.63,40322324.0,683.572,375406.0
SPY,756733,2025-12-09,683.16,685.39,682.59,683.04,41731871.0,683.903,394556.0
SPY,756733,2025-12-10,682.56,688.97,681.31,687.57,65180166.0,685.187,636924.0
SPY,756733,2025-12-11,685.11,689.25,682.16,689.17,61971853.0,686.674,621936.0
SPY,756733,2025-12-12,688.17,688.88,679.17,681.76,78695213.0,682.801,796156.0
SPY,756733,2025-12-15,685.72,685.76,679.25,680.73,66626702.0,681.391,721575.0
SPY,756733,2025-12-16,679.22,681.08,674.98,678.87,72057082.0,678.29,737374.0
SPY,756733,2025-12-17,679.89,680.44,671.19,671.4,74936493.0,674.482,747921.0
SPY,756733,2025-12-18,677.6,680.74,674.9,676.47,83374722.0,677.795,854061.0
SPY,756733,2025-12-19,676.6,681.09,676.47,680.59,68125514.0,679.876,661341.0
SPY,756733,2025-12-22,683.93,685.36,682.68,684.83,47937101.0,684.397,442507.0
SPY,756733,2025-12-23,683.93,688.2,683.87,687.96,46033836.0,686.846,396216.0
SPY,756733,2025-12-24,687.95,690.83,687.8,690.38,25999569.0,689.711,224794.0
SPY,756733,2025-12-26,690.64,691.66,689.27,690.31,32576889.0,690.301,303294.0
SPY,756733,2025-12-29,687.55,689.2,686.07,687.85,44132415.0,687.625,413403.0
SPY,756733,2025-12-30,687.45,688.56,686.58,687.01,34365448.0,687.497,314443.0
SPY,756733,2025-12-31,687.13,687.36,681.71,681.92,51325618.0,684.424,479946.0
SPY,756733,2026-01-02,685.71,686.87,679.82,683.17,69823325.0,682.935,678114.0
SPY,756733,2026-01-05,686.54,689.43,686.37,687.72,54699915.0,687.952,482990.0
SPY,756733,2026-01-06,687.93,692.32,687.78,691.81,55143640.0,690.512,522596.0
SPY,756733,2026-01-07,692.2,693.96,689.32,689.58,60137909.0,691.773,566987.0
SPY,756733,2026-01-08,688.81,690.62,687.49,689.51,52088820.0,689.225,513748.0
SPY,756733,2026-01-09,690.65,695.31,689.18,694.07,58418134.0,693.184,552034.0
SPY,756733,2026-01-12,690.68,696.09,690.63,695.16,49779065.0,694.277,465128.0
SPY,756733,2026-01-13,695.52,696.09,691.35,693.77,61850017.0,693.51,606524.0
SPY,756733,2026-01-14,691.0,691.72,686.04,690.36,70566261.0,688.565,703721.0
SPY,756733,2026-01-15,694.57,695.45,691.25,692.24,60104274.0,693.592,617884.0
SPY,756733,2026-01-16,693.67,694.25,690.1,691.66,53992796.0,692.364,551217.0
SPY,756733,2026-01-20,681.49,684.77,676.57,677.58,81774019.0,680.545,736111.0
SPY,756733,2026-01-21,679.65,688.74,678.13,685.4,96207208.0,683.178,993384.0
SPY,756733,2026-01-22,689.85,691.13,686.92,688.98,55963617.0,689.255,555360.0
SPY,756733,2026-01-23,688.15,690.96,687.16,689.23,48307299.0,689.206,460816.0
SPY,756733,2026-01-26,690.47,694.13,689.92,692.73,44645827.0,692.986,423534.0
SPY,756733,2026-01-27,694.18,696.53,693.57,695.49,40181885.0,695.6,356081.0
SPY,756733,2026-01-28,697.06,697.84,693.94,695.42,46863286.0,695.781,430419.0
SPY,756733,2026-01-29,696.35,697.06,684.83,694.04,81117277.0,690.667,778609.0
SPY,756733,2026-01-30,691.78,694.21,687.12,691.97,65537956.0,691.309,612109.0
SPY,756733,2026-02-02,689.58,696.93,689.42,695.41,63439860.0,694.943,584706.0
SPY,756733,2026-02-03,696.21,696.96,684.03,689.53,83867939.0,689.741,859355.0
SPY,756733,2026-02-04,690.35,691.45,681.76,686.19,81882597.0,686.718,838763.0
SPY,756733,2026-02-05,680.94,683.69,675.79,677.62,83165540.0,679.033,842177.0
SPY,756733,2026-02-06,681.46,692.31,680.85,690.62,67759924.0,687.496,677799.0
SPY,756733,2026-02-09,689.42,695.87,688.34,693.95,54918247.0,693.627,550102.0
SPY,756733,2026-02-10,694.95,696.54,691.66,692.12,49554789.0,694.109,490264.0
SPY,756733,2026-02-11,696.43,697.14,689.18,691.96,61930559.0,692.688,610549.0
SPY,756733,2026-02-12,694.28,695.35,680.37,681.27,93735247.0,685.954,994063.0
SPY,756733,2026-02-13,681.68,686.28,677.52,681.75,70640325.0,682.67,675659.0
SPY,756733,2026-02-17,680.12,684.94,675.78,682.85,66371949.0,681.086,636597.0
SPY,756733,2026-02-18,684.01,689.15,682.83,686.29,57651171.0,686.536,532346.0
SPY,756733,2026-02-19,683.86,686.18,681.54,684.48,47509581.0,683.779,451339.0
SPY,756733,2026-02-20,682.32,690.06,681.73,689.43,68789233.0,687.32,639533.0
SPY,756733,2026-02-23,687.82,690.0,680.37,682.39,70943696.0,683.195,690748.0
SPY,756733,2026-02-24,681.9,688.35,680.0,687.35,55305092.0,685.913,499093.0
SPY,756733,2026-02-25,690.19,693.68,690.1,693.15,41143396.0,692.16,389108.0
SPY,756733,2026-02-26,693.28,693.32,684.35,689.3,58258896.0,688.091,565296.0
SPY,756733,2026-02-27,683.06,686.86,681.64,685.99,60856244.0,684.579,600056.0
SPY,756733,2026-03-02,678.7,688.62,678.02,686.38,66960247.0,685.196,637198.0
SPY,756733,2026-03-03,675.05,682.61,669.66,680.33,81442948.0,676.491,818347.0
SPY,756733,2026-03-04,681.63,687.09,679.62,685.13,56273441.0,685.099,566398.0
SPY,756733,2026-03-05,682.07,685.53,675.61,681.31,80119188.0,679.908,800868.0
SPY,756733,2026-03-06,673.39,676.11,669.76,672.38,74422674.0,673.402,722509.0
SPY,756733,2026-03-09,666.39,679.92,662.39,678.27,79435428.0,670.459,771783.0
SPY,756733,2026-03-10,677.71,683.36,674.76,677.18,63961483.0,679.321,619571.0
SPY,756733,2026-03-11,677.54,680.08,673.34,676.33,49484850.0,675.906,474189.0
SPY,756733,2026-03-12,671.13,671.65,665.9,666.06,79371056.0,668.619,792585.0
SPY,756733,2026-03-13,669.28,672.34,661.36,662.29,67245331.0,665.361,693205.0
SPY,756733,2026-03-16,668.34,672.07,667.12,669.03,58508078.0,669.323,585015.0
SPY,756733,2026-03-17,672.35,674.44,669.7,670.79,50622538.0,671.841,507283.0
SPY,756733,2026-03-18,668.33,669.72,661.19,661.43,59053920.0,665.439,594753.0
SPY,756733,2026-03-19,656.97,662.98,655.17,659.8,79503361.0,658.406,821983.0
SPY,756733,2026-03-20,656.51,656.69,644.72,648.57,92202373.0,650.378,902850.0
SPY,756733,2026-03-23,658.04,662.62,653.94,655.38,87856993.0,658.198,903413.0
SPY,756733,2026-03-24,651.34,657.03,649.88,653.18,66977403.0,653.897,658534.0
SPY,756733,2026-03-25,658.68,660.89,654.24,656.82,71070270.0,657.405,709682.0
SPY,756733,2026-03-26,652.05,654.85,644.82,645.09,68766506.0,649.762,684372.0
SPY,756733,2026-03-27,642.52,642.66,633.1,634.09,75617677.0,637.706,734326.0
SPY,756733,2026-03-30,640.12,640.37,629.28,631.97,73804400.0,634.345,720235.0
SPY,756733,2026-03-31,638.94,651.54,637.98,650.34,104672295.0,645.401,1000235.0
SPY,756733,2026-04-01,653.88,658.52,653.0,655.24,72484644.0,655.702,734129.0
SPY,756733,2026-04-02,646.42,658.2,645.11,655.83,48156027.0,652.897,428706.0
SPY,756733,2026-04-06,655.86,659.72,655.52,658.93,28078176.0,657.59,235524.0
SPY,756733,2026-04-07,656.64,659.61,651.06,659.22,47906745.0,655.393,397708.0
SPY,756733,2026-04-08,676.39,677.08,671.46,676.01,67556235.0,674.794,585203.0
SPY,756733,2026-04-09,674.84,681.16,673.77,679.91,42289598.0,678.05,354310.0
SPY,756733,2026-04-10,681.3,682.03,678.45,679.46,30232748.0,679.987,267835.0
SPY,756733,2026-04-13,677.4,686.3,676.58,686.1,36496305.0,681.862,316018.0
SPY,756733,2026-04-14,687.69,694.58,687.66,694.46,43054446.0,692.264,354462.0
SPY,756733,2026-04-15,695.26,700.28,694.2,699.94,42557801.0,697.773,344888.0
SPY,756733,2026-04-16,701.06,702.78,698.53,701.66,34037944.0,700.799,300560.0
SPY,756733,2026-04-17,706.15,712.39,705.76,710.14,43086246.0,709.787,388518.0
SPY,756733,2026-04-20,708.79,709.91,706.14,708.72,27360812.0,708.136,238971.0
SPY,756733,2026-04-21,710.28,711.28,702.64,704.08,43468544.0,706.462,349195.0
SPY,756733,2026-04-22,709.18,711.45,708.22,711.21,28182308.0,709.946,226333.0
SPY,756733,2026-04-23,709.5,712.36,702.28,708.45,42930174.0,708.293,357884.0
SPY,756733,2026-04-24,710.75,714.47,709.01,713.94,29350658.0,712.47,244606.0
SPY,756733,2026-04-27,713.17,715.63,712.29,715.17,24069970.0,714.215,214846.0
SPY,756733,2026-04-28,711.82,712.88,709.25,711.69,26375555.0,711.059,233081.0
SPY,756733,2026-04-29,711.0,712.2,708.37,711.58,28880691.0,710.314,263243.0
SPY,756733,2026-04-30,714.63,719.79,710.44,718.66,38110252.0,715.963,340364.0
SPY,756733,2026-05-01,721.25,724.87,720.47,720.65,30373586.0,722.515,289802.0
SPY,756733,2026-05-04,720.07,722.12,714.99,718.01,37774207.0,718.481,345327.0
SPY,756733,2026-05-05,721.77,725.04,721.48,723.77,25048985.0,723.469,211807.0
SPY,756733,2026-05-06,728.17,734.59,727.82,733.83,31957343.0,732.116,272481.0
SPY,756733,2026-05-07,735.05,736.13,729.75,731.58,35833620.0,732.652,322866.0
SPY,756733,2026-05-08,734.94,738.02,734.57,737.62,30280757.0,736.951,258999.0
SPY,756733,2026-05-11,736.46,740.79,736.45,739.3,34570136.0,739.187,310685.0
SPY,756733,2026-05-12,736.9,738.84,731.83,738.18,36922853.0,735.099,365501.0
SPY,756733,2026-05-13,738.45,743.91,735.47,742.31,29760506.0,740.92,267649.0
SPY,756733,2026-05-14,743.66,749.53,743.56,748.17,28945244.0,747.448,262744.0
SPY,756733,2026-05-15,741.8,743.46,737.96,739.17,33202468.0,740.661,305656.0
SPY,756733,2026-05-18,739.82,741.42,733.39,738.65,33130849.0,737.103,319901.0
SPY,756733,2026-05-19,734.75,737.65,731.53,733.73,36133811.0,734.488,350300.0
SPY,756733,2026-05-20,735.7,741.87,733.89,741.25,32367150.0,739.112,317114.0
SPY,756733,2026-05-21,738.67,744.87,737.03,742.72,33747090.0,740.798,325141.0
SPY,756733,2026-05-22,746.24,748.94,744.48,745.64,23963445.0,746.781,237815.0
SPY,756733,2026-05-26,750.01,752.13,748.37,750.59,27777713.0,750.008,276541.0
SPY,756733,2026-05-27,750.9,751.38,748.22,750.46,26639110.0,750.141,280192.0
SPY,756733,2026-05-28,750.25,755.15,749.23,754.6,25712625.0,753.398,249693.0
SPY,756733,2026-05-29,755.9,758.08,754.69,756.48,33978649.0,756.636,322491.0
SPY,756733,2026-06-01,755.34,760.27,754.69,758.54,29728563.0,757.513,292371.0
SPY,756733,2026-06-02,757.02,760.4,756.75,759.57,22212501.0,759.013,207866.0
SPY,756733,2026-06-03,758.14,758.8,753.57,754.24,31740821.0,755.392,287054.0
SPY,756733,2026-06-04,752.1,758.31,751.47,757.09,30899369.0,755.966,291221.0
SPY,756733,2026-06-05,752.31,752.82,735.52,737.55,59069656.0,743.21,603212.0
SPY,756733,2026-06-08,743.36,745.34,738.19,739.22,33052213.0,741.767,323335.0
SPY,756733,2026-06-09,743.63,746.9,722.59,737.05,64127607.0,733.604,630922.0
SPY,756733,2026-06-10,733.39,738.38,725.33,725.43,39309455.0,730.513,399524.0
SPY,756733,2026-06-11,728.77,740.0,724.4,737.76,58172120.0,732.643,565317.0
SPY,756733,2026-06-12,740.77,744.44,735.03,741.75,37191179.0,740.592,389287.0
SPY,756733,2026-06-15,751.85,756.68,751.76,754.83,35040305.0,754.468,324288.0
SPY,756733,2026-06-16,754.58,755.44,749.88,750.33,33526105.0,752.263,322710.0
SPY,756733,2026-06-17,751.29,752.15,739.22,740.96,51422419.0,746.072,510448.0
SPY,756733,2026-06-18,747.8,748.23,743.86,746.74,35423989.0,746.443,340831.0
SPY,756733,2026-06-22,747.64,750.18,743.13,744.39,31320110.0,745.277,300806.0
SPY,756733,2026-06-23,733.74,739.63,732.3,733.58,41196652.0,735.505,408437.0
SPY,756733,2026-06-24,735.14,739.95,730.84,733.24,35679471.0,734.573,360644.0
SPY,756733,2026-06-25,738.89,739.37,729.6,734.3,34352818.0,733.741,350803.0
SPY,756733,2026-06-26,728.95,736.53,716.58,728.99,37363570.0,732.684,386244.0
SPY,756733,2026-06-29,736.56,741.56,732.09,741.0,34560844.0,738.667,344153.0
SPY,756733,2026-06-30,741.26,748.02,740.89,746.77,31891434.0,745.815,323684.0
SPY,756733,2026-07-01,744.96,749.44,742.37,745.76,29981422.0,746.592,290804.0
SPY,756733,2026-07-02,747.4,751.31,740.03,744.78,34111629.0,745.037,335581.0
SPY,756733,2026-07-06,748.69,752.41,747.41,751.28,32578082.0,750.616,311140.0
SPY,756733,2026-07-07,750.27,750.96,745.21,747.71,31459170.0,747.715,314431.0
SPY,756733,2026-07-08,743.16,746.15,739.51,745.4,29916109.0,743.632,299336.0
SPY,756733,2026-07-09,747.33,751.97,745.59,751.71,25380443.0,749.851,247940.0
SPY,756733,2026-07-10,752.05,755.42,748.15,754.95,26591145.0,753.447,254316.0
SPY,756733,2026-07-13,752.47,753.92,748.0,749.17,29880700.0,750.488,298654.0
SPY,756733,2026-07-14,750.89,753.34,748.66,751.83,23866599.0,751.564,239223.0
SPY,756733,2026-07-15,754.24,755.58,750.2,754.81,30589036.0,753.538,289673.0
SPY,756733,2026-07-16,752.74,754.57,747.88,750.72,30065470.0,751.312,287035.0
SPY,756733,2026-07-17,742.05,747.29,740.8,743.29,35946279.0,744.373,335361.0
SPY,756733,2026-07-20,747.06,748.73,741.51,742.09,29614811.0,744.501,300984.0
SPY,756733,2026-07-21,746.29,749.04,744.18,748.28,20972816.0,747.47,199568.0
SPY,756733,2026-07-22,746.62,750.02,746.37,747.41,20915111.0,748.293,200724.0
SPY,756733,2026-07-23,739.35,742.56,735.21,738.18,35066207.0,738.21,335607.0
SPY,756733,2026-07-24,738.54,743.72,737.29,738.93,30096626.0,739.573,281021.0
SPY,756733,2026-07-27,744.87,745.53,735.87,739.09,28603099.0,739.304,283437.0
SPY,756733,2026-07-28,739.24,742.8,735.98,740.86,27604876.0,739.953,275046.0
SPY,756733,2026-07-29,739.97,742.68,729.1,729.46,44953339.0,734.992,427586.0
SPY,756733,2026-07-30,736.05,742.45,734.59,741.69,40708998.0,738.897,408208.0
SPY,756733,2026-07-31,744.68,748.9,737.68,747.03,38326261.0,744.224,371080.0
SPY,756733,2026-08-03,749.44,758.58,748.8,757.67,39750764.0,755.862,371947.0
SPY,756733,2026-08-04,760.62,773.41,760.52,771.33,45384060.0,769.009,411489.0
SPY,756733,2026-08-05,775.84,776.85,769.51,769.79,30721194.0,772.707,299314.0
SPY,756733,2026-08-06,770.21,771.82,767.46,768.56,25455065.0,769.14,265203.0
SPY,756733,2026-08-07,771.02,773.92,769.61,773.26,25396334.0,772.291,254371.0
SPY,756733,2026-08-10,772.64,775.05,771.89,773.03,25247366.0,773.28,232607.0
SPY,756733,2026-08-11,774.53,774.61,769.2,770.56,21185926.0,771.721,201681.0
SPY,756733,2026-08-12,774.71,774.9,771.28,772.49,20544697.0,772.725,198391.0
SPY,756733,2026-08-13,774.87,779.37,774.11,777.88,24004219.0,777.259,215053.0
SPY,756733,2026-08-14,778.54,778.8,775.43,776.34,19918828.0,776.618,191860.0
SPY,756733,2026-08-17,776.18,776.78,772.51,772.67,23623923.0,774.152,214211.0
SPY,756733,2026-08-18,768.7,769.5,766.92,767.45,26101665.0,768.119,251282.0
SPY,756733,2026-08-19,770.36,772.47,768.1,769.06,24734700.0,769.872,232265.0
SPY,756733,2026-08-20,765.95,768.15,762.04,762.6,31734652.0,764.828,303752.0
SPY,756733,2026-08-21,766.04,767.85,764.17,765.72,23619322.0,765.793,216659.0
SPY,756733,2026-08-24,764.76,765.22,762.08,763.47,20389175.0,763.761,190643.0
SPY,756733,2026-08-25,766.17,766.78,763.17,765.91,19102779.0,765.353,188471.0
SPY,756733,2026-08-26,764.68,767.35,763.93,766.08,19969653.0,765.888,194263.0
SPY,756733,2026-08-27,768.49,772.36,767.16,771.1,23363617.0,770.084,214763.0
SPY,756733,2026-08-28,771.76,775.3,768.3,769.35,26506693.0,770.992,246094.0
SPY,756733,2026-08-31,767.33,768.0,764.71,767.05,25736890.0,766.416,230604.0
SPY,756733,2026-09-01,762.03,764.67,759.48,761.78,26999646.0,762.051,235633.0
SPY,756733,2026-09-02,762.43,766.43,761.73,765.16,19095166.0,764.762,172131.0
SPY,756733,2026-09-03,767.86,774.03,767.45,773.17,28771838.0,771.614,249860.0
SPY,756733,2026-09-04,772.01,772.87,769.0,770.19,21636582.0,770.477,192187.0
SPY,756733,2026-09-08,769.06,769.7,765.14,765.96,26794953.0,767.018,233972.0
SPY,756733,2026-09-09,764.08,764.47,760.94,762.4,22595471.0,762.775,190972.0
SPY,756733,2026-09-10,758.02,760.11,756.64,757.83,26745356.0,758.245,239745.0
SPY,756733,2026-09-11,764.69,766.38,763.6,764.29,24660436.0,765.125,212333.0
SPY,756733,2026-09-14,758.99,763.52,757.93,760.88,27174201.0,760.77,246315.0
SPY,756733,2026-09-15,760.13,760.35,756.15,757.39,22769258.0,757.492,203899.0
SPY,756733,2026-09-16,759.5,761.62,749.6,754.05,37771994.0,756.178,339338.0
SPY,756733,2026-09-17,763.15,763.57,759.96,762.6,27364606.0,762.201,243738.0
SPY,756733,2026-09-18,761.31,762.0,757.97,761.69,27034734.0,760.382,231506.0
SPY,756733,2026-09-21,766.29,774.89,766.03,773.5,32275742.0,771.476,290153.0
SPY,756733,2026-09-22,774.03,775.14,772.57,773.38,20071584.0,773.917,179450.0
SPY,756733,2026-09-23,772.79,773.05,766.5,767.81,29547110.0,768.603,278684.0
SPY,756733,2026-09-24,764.07,768.95,763.24,767.18,26905437.0,766.457,259208.0
SPY,756733,2026-09-25,768.76,772.28,766.29,771.35,24581751.0,770.019,229121.0
SPY,756733,2026-09-28,768.38,769.54,763.71,765.61,28097204.0,766.494,256168.0
SPY,756733,2026-09-29,766.81,766.98,762.35,764.2,23467686.0,764.246,212781.0
SPY,756733,2026-09-30,766.41,769.41,762.2,762.63,30391241.0,766.095,268225.0
